Location,Orientation,Systematic Gene Name,Gene Name,Chromosome Coordinate,Chromosome Coordinate,% From Left Arm Low Range,% From Right Arm Low Range,Primer Name,Primer Sequence
2,FWD,YCL050C,APA1,37616,37835,11.8805%,11.9497%,III_L02_FWD,GGTGAATCGTAACCTTAACGGCATTGATTGCATGTAGTTTTAATA
2,REV,YCL051W,LRE1,37616,37835,11.8805%,11.9497%,III_L02_REV,TTTCTGATGACTTTGAAATTTTATATTTATTATTCTACACTTTAT
3,FWD,YCR008W,SAT4,130281,130744,41.1474%,41.2937%,III_L03_FWD,ACTTAATCTAGTACACTAAGGAATGCTTTGTTATCCGGCATTCGT
3,REV,YCR009C,RVS161,130281,130744,41.1474%,41.2937%,III_L03_REV,CCAAACGGGATATAAAAGTAGAACAATAGAAGCGAGGAATAAGAT
4,FWD,YCR095W-A,Uncharacterized,289797,293178,91.5283%,92.5962%,III_L04_FWD,CTCAATGTGAAGTAAAAGACCTCATAAATGATCGATTATCTGTTT
4,REV,YCR096C,HMRA2,289797,293178,91.5283%,92.5962%,III_L04_REV,ACGTAAGTGAAAAAAGACACCAATGCAGTTTTATTAGTACCTGCC
1,FWD,YLL013C,PUF3,121648,122074,11.2827%,11.3223%,XII_L01_FWD,TGACAACAGTATTCTCAGTCAAATGATTTCAAATACACAATGTTA
1,REV,YLL014W,EMC6,121648,122074,11.2827%,11.3223%,XII_L01_REV,TTTGCGCTCTTACGCTCTTCTTATTTCTGCAACAGATAGAGAATT
5,FWD,YLL066C,Uncharacterized,5775,6119,0.5356%,0.5675%,XII_L05_FWD,TAGCCCTACAACACTTTTACATAGCCCTAAGTAGCCCTCATGTAC
5,REV,YLL066W-B,Uncharacterized,5775,6119,0.5356%,0.5675%,XII_L05_REV,TTTGGTTGAACATCCGGGTAAGAGACAACAGGGCTTGGAGGAGAC
7,FWD,YLR048W,RPS0B,243349,243885,22.5704%,22.6201%,XII_L07_FWD,ATTAGGTAAGTGGTTTCAATAATTAAATTCTTTAGCGGGAAGGCT
7,REV,YLR049C,MLO50,243349,243885,22.5704%,22.6201%,XII_L07_REV,AGAACTAAACATTAATTTAACTTATCTTCAATACTATAGATAGTC
9,FWD,YLR191W,PEX13,538432,538791,49.9391%,49.9724%,XII_L09_FWD,GAATGAAACGCCTATGGATATATATATGGGAATATAGACATTCAC
9,REV,YLR192C,HCR1,538432,538791,49.9391%,49.9724%,XII_L09_REV,CACCGCAGGCCTTGGATATTGCCATATCACAATTGTCCTGAAATT
12,FWD,YLR412W,BER1,949192,950266,88.0368%,88.1364%,XII_L12_FWD,GATGGTTATCGTCCCTGTCAAGGATACTTCTCGGACTCGAACAAC
12,REV,YLR412C-A,Uncharacterized,949192,950266,88.0368%,88.1364%,XII_L12_REV,CAAGCGCCCTTGTCGTATTTAGCCTTCTTTAAGTTGAGCTGTAAC
3,FWD,YGL038C,OCH1,425007,425361,38.9579%,38.9903%,VII_L03_FWD,TTAAATAGTTACGGATACAAAGAGTTCATTATAGTGCGGGCAGTT
3,REV,YGL039W,Dubious ORF,425007,425361,38.9579%,38.9903%,VII_L03_REV,CTTCTGTAACACTGCAGATCTCCAATGATAAATCGATACCGTACT
6,FWD,YGL138C,Dubious ORF,248142,248493,22.7457%,22.7779%,VII_L06_FWD,CAGGTTTTTCTCATTCTCCTTCTAACCTTCTAAATTCTGTTTTTG
6,REV,YGL139W,FLC3,248142,248493,22.7457%,22.7779%,VII_L06_REV,TGTTTTAACGTTATTAATGAAAAAGAAAACTTGGGAAACTTCTGA
9,FWD,YGL217C,Dubious ORF,84300,84838,7.7273%,7.7766%,VII_L09_FWD,TCCTTGGATACAAAAGGACCAGATACATTCACGTCTGGTCGGTAG
9,REV,YGL218W,Dubious ORF,84300,84838,7.7273%,7.7766%,VII_L09_REV,TTGTCTCTATAGGAACAGCTGAACACTATACTGGATACCGATGTT
10,FWD,YGR160W,Dubious ORF,807684,808628,74.0356%,74.1221%,VII_L10_FWD,AGTAGAACGTAGCTCCATAGCGTGTAATTTGGCGGCAAAATATGT
10,REV,YGR161C,TY Element,807684,808628,74.0356%,74.1221%,VII_L10_REV,ACAGGATTTCACAGGCAGCTAAGTAATAACGAATATGCTTGCTTC
12,FWD,YGR281W,YOR1,1057257,1057782,96.9125%,96.9606%,VII_L12_FWD,CCGATGGTACAAATTAGTACTAGAAAAGAAAACCCACTACTATGA
12,REV,YGR282C,BGL2,1057257,1057782,96.9125%,96.9606%,VII_L12_REV,TATGCAATTATATCTATCTATGGCACACATAACTTTTTCTGCAAG
1,FWD,YOL003C,PFA4,321548,321857,29.4649%,29.4932%,XV_L01_FWD,TCTTTAGTACGACAGGGTCTTTCTTCTGATGTGTACCTTTAATTA
1,REV,YOL004W,SIN3,321548,321857,29.4649%,29.4932%,XV_L01_REV,AAAAACACTTAGAATTTTAAAATTACAATGTTATATCGTTGACAT
4,FWD,YOL048C,YOL048C,240094,240203,22.0009%,22.0109%,XV_L04_FWD,TACATGTACTATACACATAGATGCTAGGAAGATGATGCTAGAACT
4,REV,YOL049W,GSH2,240094,240203,22.0009%,22.0109%,XV_L04_REV,TTATGTAGAAGTGTGATTATATATTCCTTAACTAATTGTTAATCA
8,FWD,YOL155C,HPF1,27218,28702,2.4941%,2.6301%,XV_L08_FWD,GGGTGTGACTGTAGATTGTGGGTTACTTGCTGTCAAATGACATGA
8,REV,YOL155W-A,Uncharacterized,27218,28702,2.4941%,2.6301%,XV_L08_REV,CCGCGTGTTTTCGAATTTTGACAGGGATCATGCAGGCAGAGATTT
15,FWD,YOR114W,CIM1,538454,538658,49.3410%,49.3597%,XV_L15_FWD,GTCCACGAAAGCACTTCACTATCATAAAGACTATATGTACCTTGA
15,REV,YOR115C,TRS33,538454,538658,49.3410%,49.3597%,XV_L15_REV,CAAAATAATACCCTTACTATAAAATCTTGACAATAATTTCTTTGA
17,FWD,YOR220W,YOR220W,756125,756475,69.2872%,69.3193%,XV_L17_2_FWD,GTTCATGCTATGATAATGTAAAGAATATGCGTAGAGATATCTATA
17,REV,YOR221C,MCT1,756125,756475,69.2872%,69.3193%,XV_L17_2_REV,GCCATACAAAGTAAACACGCAAGTATATAAACGTATAAATGGATA
18,FWD,YOR315W,SFG1,905800,906235,83.0026%,83.0425%,XV_L18_FWD,GCTAAACACCATTATTACTATTTTCCTTCCTCAAGTTGTTGTTTT
18,REV,YOR316C,COT1,905800,906235,83.0026%,83.0425%,XV_L18_REV,ATAATAATGATGATCATAATAATAATATAATAGCAATAGTCTTGC
1,FWD,YDL246C,SOR2,7814,8682,0.5124%,0.5693%,IV_L01_FWD,ttgtcatagtaacagtctgggcactcacttcgtacatcccttata
1,REV,YDL247W,MPH2,7814,8682,0.5124%,0.5693%,IV_L01_REV,cgagattttttctatttttagaataggtaaaattgcacttaaatg
3,FWD,YDL184C,RPL41A,130002,130406,8.5252%,8.5517%,IV_L03_FWD,GTTTACACCCCACCGTGAGATTAGTATGCAATTTAGATCCATTAT
3,REV,YDL185W,VMA1,130002,130406,8.5252%,8.5517%,IV_L03_REV,CGTAATGTCATTGATGAATTAACATGTTAGTTTCTATTCTACCTC
6,FWD,YDL121C,YDL121C,244981,245132,16.0653%,16.0752%,IV_L06_2_FWD,CAATAACTATAATTAAATTGAATAATTAAAAGTCTACGTTATTCG
6,REV,YDL122W,UPB1,244981,245132,16.0653%,16.0752%,IV_L06_2_REV,TACAAAAACTTTAGACATTCGTAACTAGCTAAACAATTGATTTAA
8,FWD,YDL061C,RPS29B,340282,340627,22.3149%,22.3375%,IV_L08_FWD,ATAAGAGAACTACTCGTTCTAAATGATTATTGTACATTTTGCATA
8,REV,YDL062W,Dubious ORF,340282,340627,22.3149%,22.3375%,IV_L08_REV,AGTGATGATGATGAAATAGTACTGCCCTGTTTATTGCCATTTTTC
10,FWD,YDR025W,RPS11A,492324,492555,32.2854%,32.3006%,IV_L10_2_FWD,AGACTTACGTAACTGTTTATTTTATAATTATTTGTATAATGTACT
10,REV,YDR026C,YDR026C,492324,492555,32.2854%,32.3006%,IV_L10_2_REV,ACATTTGCTTCTTGCAGAAGTGGAGATTATTGAATTTATATTTTT
12,FWD,YDR214W,YDR214W,913924,914316,59.9329%,59.9586%,IV_L12_2_FWD,GTTTCTTGCGTGGAGTTTTTACAGGAAGTTAATCACAACAGAGGG
12,REV,YDR215C,YDR215C,913924,914316,59.9329%,59.9586%,IV_L12_2_REV,GCTAACTATTACAATTTTTGTTTATTTTATGCCTTGGAGATTGAA
13,FWD,YDR128W,MTC6,712994,713339,46.7564%,46.7790%,IV_L13_FWD,TCCAGTAGAGGCATGATAGAAGACGACAACGGAATCATTGAGCGT
13,REV,YDR129C,SAC6,712994,713339,46.7564%,46.7790%,IV_L13_REV,CCTACTTTTATTCGTGATTACTGAGCCATTGTAAAAATGCCTCCA
15,FWD,YDR325W,YCG1,1120233,1120608,73.4621%,73.4867%,IV_L15_2_FWD,TGCTATATGTTATTGCATTACGCACATTACCCGGTGGGACAAATT
15,REV,YDR326C,YDR326C,1120233,1120608,73.4621%,73.4867%,IV_L15_2_REV,TCAGTTCCTTTCACCAAAGAATTTATAGCCTTGGAATATTTCCAT
17,FWD,YDR501W,PLM2,1452918,1453309,95.2788%,95.3045%,IV_L17_FWD,CCGTTGAAGGAGCTAATACATAATCCATACAAAATAGATCATTAT
17,REV,YDR502C,SAM2,1452918,1453309,95.2788%,95.3045%,IV_L17_REV,AAACATTCTTAAACTTGACAAACACCAATAGAATAACATCTAGGC
